{"cameraMode":{"drawMode":0,"name":"Shaded","section":"Shading Mode"},"sceneLighting":true,"audioPlay":false,"sceneViewState":{"m_AlwaysRefresh":false,"showFog":true,"showSkybox":true,"showFlares":true,"showImageEffects":true,"showParticleSystems":true,"showVisualEffectGraphs":true,"m_FxEnabled":true},"in2DMode":false,"pivot":{"x":781.6697387695313,"y":1546.448974609375,"z":137.57540893554688},"rotation":{"x":0.03480437025427818,"y":-0.0068724253214895729,"z":0.00021277996711432934,"w":0.9994619488716126},"size":953.4027709960938,"orthographic":false}