{"cameraMode":{"drawMode":0,"name":"Shaded","section":"Shading Mode"},"sceneLighting":true,"audioPlay":false,"sceneViewState":{"m_AlwaysRefresh":false,"showFog":true,"showSkybox":true,"showFlares":true,"showImageEffects":true,"showParticleSystems":true,"showVisualEffectGraphs":true,"m_FxEnabled":true},"in2DMode":false,"pivot":{"x":805.9634399414063,"y":1480.012939453125,"z":-1.651611328125},"rotation":{"x":0.0018097379943355919,"y":0.009625514037907124,"z":0.00005881900142412633,"w":1.0000463724136353},"size":1498.0106201171875,"orthographic":false}