{"cameraMode":{"drawMode":0,"name":"Shaded","section":"Shading Mode"},"sceneLighting":true,"audioPlay":false,"sceneViewState":{"m_AlwaysRefresh":false,"showFog":true,"showSkybox":true,"showFlares":true,"showImageEffects":true,"showParticleSystems":true,"showVisualEffectGraphs":true,"m_FxEnabled":true},"in2DMode":false,"pivot":{"x":674.3757934570313,"y":1457.77490234375,"z":129.90524291992188},"rotation":{"x":0.03480437025427818,"y":-0.0068724253214895729,"z":0.00021277996711432934,"w":0.9994619488716126},"size":1494.8236083984375,"orthographic":false}