{"cameraMode":{"drawMode":0,"name":"Shaded","section":"Shading Mode"},"sceneLighting":true,"audioPlay":false,"sceneViewState":{"m_AlwaysRefresh":false,"showFog":true,"showSkybox":true,"showFlares":true,"showImageEffects":true,"showParticleSystems":true,"showVisualEffectGraphs":true,"m_FxEnabled":true},"in2DMode":false,"pivot":{"x":-3.504505157470703,"y":1.4917120933532715,"z":1.4793448448181153},"rotation":{"x":0.01886073127388954,"y":0.7596340179443359,"z":-0.02177565172314644,"w":0.6498507261276245},"size":8.220104217529297,"orthographic":false}